"",".rownames","China","France","Russia","United.Kingdom","United.States"
"1","China",1,-0.188397317507198,0.630373121361879,-0.222233672757712,-0.345957356491416
"2","France",-0.188397317507198,1,0.047489586514196,0.813980190430494,-0.165152795016917
"3","Russia",0.630373121361879,0.047489586514196,1,0.19923029161316,-0.490910114365883
"4","United Kingdom",-0.222233672757712,0.813980190430494,0.19923029161316,1,-0.223713527747764
"5","United States",-0.345957356491416,-0.165152795016917,-0.490910114365883,-0.223713527747764,1
